{
  "type": "external",
  "name": "moocrop",
  "version": "4.0.0",
  "revision": "9747",
  "path": "externals\/moocrop",
  "repository": null,
  "date": "Thu, 07 Jul 2016 04:16:17 +0000",
  "title": "Moocrop",
  "description": null,
  "thumb": null,
  "developer": null,
  "authors": [
    "Webligo Developments"
  ],
  "changeLog": null,
  "meta": {
    "date": "Thu, 07 Jul 2016 04:16:17 +0000",
    "title": "Moocrop",
    "description": null,
    "developer": null,
    "authors": [
      "Webligo Developments"
    ],
    "changeLog": null
  },
  "actions": [
    
  ],
  "callback": null,
  "dependencies": null,
  "tests": [
    
  ],
  "permissions": [
    
  ],
  "structure": {
    "externals\/moocrop": {
      "type": "directory",
      "path": "externals\/moocrop",
      "structure": [
        {
          "path": "MooCrop.js",
          "dir": false,
          "file": true,
          "perms": "0777",
          "size": 9550,
          "sha1": "b2df9304d85518d704b693f5ae8cfbe68811870a"
        },
        {
          "path": "manifest.php",
          "dir": false,
          "file": true,
          "perms": "0777",
          "size": 368,
          "sha1": "b27c039676310c420d633df851dcdea17cab2bc0"
        }
      ]
    }
  }
}