{
  "type": "external",
  "name": "mdetect",
  "version": "4.1.0",
  "revision": "7593",
  "path": "externals\/mdetect",
  "repository": null,
  "date": "Thu, 07 Jul 2016 04:16:17 +0000",
  "title": "mDetect",
  "description": null,
  "thumb": null,
  "developer": null,
  "authors": [
    "Webligo Developments"
  ],
  "changeLog": null,
  "meta": {
    "date": "Thu, 07 Jul 2016 04:16:17 +0000",
    "title": "mDetect",
    "description": null,
    "developer": null,
    "authors": [
      "Webligo Developments"
    ],
    "changeLog": null
  },
  "actions": [
    
  ],
  "callback": null,
  "dependencies": null,
  "tests": [
    
  ],
  "permissions": [
    
  ],
  "structure": {
    "externals\/mdetect": {
      "type": "directory",
      "path": "externals\/mdetect",
      "structure": [
        {
          "path": "manifest.php",
          "dir": false,
          "file": true,
          "perms": "0777",
          "size": 368,
          "sha1": "36ea285b417331b19bb32e250c3af5d94b1ff6fa"
        },
        {
          "path": "mdetect.js",
          "dir": false,
          "file": true,
          "perms": "0777",
          "size": 19989,
          "sha1": "902c9cea0bc111965516f93503531458e3c7e04b"
        },
        {
          "path": "mdetect.min.js",
          "dir": false,
          "file": true,
          "perms": "0777",
          "size": 8398,
          "sha1": "66b7f979d5cb442a4d4b95d99790285a4ccdcd04"
        }
      ]
    }
  }
}