{
  "type": "external",
  "name": "firebug",
  "version": "4.0.0",
  "revision": "9747",
  "path": "externals\/firebug",
  "repository": null,
  "date": "Thu, 07 Jul 2016 04:16:17 +0000",
  "title": "Firebug Lite",
  "description": null,
  "thumb": null,
  "developer": null,
  "authors": [
    "Webligo Developments"
  ],
  "changeLog": null,
  "meta": {
    "date": "Thu, 07 Jul 2016 04:16:17 +0000",
    "title": "Firebug Lite",
    "description": null,
    "developer": null,
    "authors": [
      "Webligo Developments"
    ],
    "changeLog": null
  },
  "actions": [
    
  ],
  "callback": null,
  "dependencies": null,
  "tests": [
    
  ],
  "permissions": [
    
  ],
  "structure": {
    "externals\/firebug": {
      "type": "directory",
      "path": "externals\/firebug",
      "structure": [
        {
          "path": "firebug-lite-compressed.js",
          "dir": false,
          "file": true,
          "perms": "0777",
          "size": 78704,
          "sha1": "09b6f73ca74a41f31580441d7f7633ff6753259d"
        },
        {
          "path": "manifest.php",
          "dir": false,
          "file": true,
          "perms": "0777",
          "size": 373,
          "sha1": "7176e1b1a53389c056a92a1cfe1e2a09972ddf08"
        }
      ]
    }
  }
}