{
  "type": "widget",
  "name": "rss",
  "version": "4.2.8",
  "revision": "9808",
  "path": "application\/widgets\/rss",
  "repository": null,
  "date": "Thu, 07 Jul 2016 04:16:17 +0000",
  "title": "RSS Feed",
  "description": "Displays an RSS feed.",
  "thumb": null,
  "developer": null,
  "authors": [
    "Webligo Developments"
  ],
  "changeLog": {
    "4.1.8": {
      "Controller.php": "Added caching support",
      "index.tpl": "Added caching support",
      "manifest.php": "Incremented version"
    },
    "4.0.3": {
      "Controller.php": "Fixed issue with getting link",
      "index.tpl": "Fixed issue with getting link; added link enabling; added option to not strip HTML",
      "manifest.php": "Incremented version; added option to not strip HTML"
    },
    "4.0.2": {
      "index.tpl": "Added styles",
      "manifest.php": "Incremented version"
    }
  },
  "meta": {
    "date": "Thu, 07 Jul 2016 04:16:17 +0000",
    "title": "RSS Feed",
    "description": "Displays an RSS feed.",
    "developer": null,
    "authors": [
      "Webligo Developments"
    ],
    "changeLog": null
  },
  "actions": [
    
  ],
  "callback": null,
  "dependencies": null,
  "tests": [
    
  ],
  "permissions": [
    
  ],
  "structure": {
    "application\/widgets\/rss": {
      "type": "directory",
      "path": "application\/widgets\/rss",
      "structure": [
        {
          "path": "Controller.php",
          "dir": false,
          "file": true,
          "perms": "0777",
          "size": 3251,
          "sha1": "fff870858a4f1ac28c6f6a9b897b12aed4ccee70"
        },
        {
          "path": "index.tpl",
          "dir": false,
          "file": true,
          "perms": "0777",
          "size": 1841,
          "sha1": "69fe20f9288b3be951ee9b7c4c7f024914651dd3"
        },
        {
          "path": "manifest.php",
          "dir": false,
          "file": true,
          "perms": "0777",
          "size": 2406,
          "sha1": "8dc584c0476626c39ce90990e327f52a06d673a9"
        }
      ]
    }
  }
}